{
  "dataset_name": "BatsResearch/Cross-Difficulty",
  "dataset_config": null,
  "data_path": "data/cross_difficulty_train.csv",
  "split": "train",
  "profile": "max",
  "selected_candidate": "hybrid_tfidf_hgb",
  "feature_mode": "hybrid",
  "embedding_backend": "tfidf",
  "embedding_dim": 384,
  "embedding_model": "sentence-transformers/all-MiniLM-L6-v2",
  "regressor": "hgb",
  "selection_metric": "domain_acc_within_2.5_then_domain_test_mae",
  "winsorization": {
    "lower_quantile": 0.01,
    "upper_quantile": 0.99,
    "lower_bound": -3.065463573932648,
    "upper_bound": 6.992930259704593,
    "num_clipped": 460
  },
  "rows_after_cleaning": 22938,
  "train_size": 18350,
  "test_size": 4588,
  "best_cv_mae": 1.2885873953214655,
  "best_cv_mse": 2.7200406208349674,
  "best_cv_r2": 0.3210824951033554,
  "test_mse": 2.6011619403487822,
  "test_mae": 1.2504352910522751,
  "test_r2": 0.3300112760149192,
  "test_mse_raw": 2.603255811959301,
  "test_mae_raw": 1.2529970259924221,
  "test_r2_raw": 0.32947195151275777,
  "tolerance_accuracy": {
    "acc_within_0.5": 0.27048823016564955,
    "acc_within_1": 0.4952048823016565,
    "acc_within_2": 0.8010026155187445,
    "acc_within_2.5": 0.8825196163905842,
    "acc_within_3": 0.9365736704446382,
    "acc_within_5": 0.993897122929381
  },
  "tolerance_accuracy_raw": {
    "acc_within_0.5": 0.270924149956408,
    "acc_within_1": 0.48583260680034873,
    "acc_within_2": 0.7990409764603313,
    "acc_within_2.5": 0.8807759372275501,
    "acc_within_3": 0.9354838709677419,
    "acc_within_5": 0.9943330427201394
  },
  "domain_aware_test_mse": 2.449365177810441,
  "domain_aware_test_mae": 1.2011490782317924,
  "domain_aware_test_r2": 0.36911000249578296,
  "domain_aware_tolerance_accuracy": {
    "acc_within_0.5": 0.2885789014821273,
    "acc_within_1": 0.5202702702702703,
    "acc_within_2": 0.8105928509154315,
    "acc_within_2.5": 0.8936355710549259,
    "acc_within_3": 0.9426765475152572,
    "acc_within_5": 0.9943330427201394
  },
  "best_params": {
    "min_samples_leaf": 80,
    "max_iter": 200,
    "max_depth": null,
    "max_bins": 191,
    "learning_rate": 0.04198333390972491,
    "l2_regularization": 0.004175318936560405
  },
  "calibration_stats": {
    "oof_raw_mae": 1.2885873953214657,
    "oof_calibrated_mae": 1.2796824830501699,
    "oof_raw_mse": 2.720040620834968,
    "oof_calibrated_mse": 2.6943726281521845,
    "enabled": true
  },
  "blend_result": {
    "name": "blend_top_models",
    "components": [
      "hybrid_tfidf_hgb",
      "linguistic_extra_trees",
      "hybrid_transformer_hgb"
    ],
    "weights": [
      0.33515145316228395,
      0.3330903637609877,
      0.3317581830767284
    ],
    "test_mse": 2.5188319969438964,
    "test_mae": 1.2290527584617774,
    "test_r2": 0.3512172351180296,
    "tolerance_accuracy": {
      "acc_within_0.5": 0.27419354838709675,
      "acc_within_1": 0.5006538796861377,
      "acc_within_2": 0.8090671316477768,
      "acc_within_2.5": 0.8899302528334786,
      "acc_within_3": 0.9404969485614647,
      "acc_within_5": 0.9941150828247602
    }
  },
  "domain_models_trained": 8,
  "domain_calibrators_trained": 8,
  "domain_min_samples": 250,
  "domain_model_summary": [
    {
      "domain": "mmlu_pro",
      "sample_count": 9665,
      "target_mean": 1.153136613263815,
      "target_std": 1.8030235487042248,
      "calibrator": true,
      "calibrator_raw_oof_mae": 1.315910767851757,
      "calibrator_calibrated_oof_mae": 1.3070902123058799
    },
    {
      "domain": "bbh",
      "sample_count": 4169,
      "target_mean": 0.15856329429104277,
      "target_std": 1.4074398461293864,
      "calibrator": true,
      "calibrator_raw_oof_mae": 0.7731746427670884,
      "calibrator_calibrated_oof_mae": 0.7650589032905889
    },
    {
      "domain": "math",
      "sample_count": 1073,
      "target_mean": 4.033544504007816,
      "target_std": 1.9168667634834078,
      "calibrator": true,
      "calibrator_raw_oof_mae": 1.3588038160386726,
      "calibrator_calibrated_oof_mae": 1.339022001458174
    },
    {
      "domain": "gsm8k",
      "sample_count": 1068,
      "target_mean": 1.9438010795792051,
      "target_std": 1.8363152333353994,
      "calibrator": true,
      "calibrator_raw_oof_mae": 1.3296775831700614,
      "calibrator_calibrated_oof_mae": 1.3091511942638558
    },
    {
      "domain": "arc",
      "sample_count": 951,
      "target_mean": 0.11632642600609958,
      "target_std": 2.8352461074951,
      "calibrator": true,
      "calibrator_raw_oof_mae": 2.386659896544343,
      "calibrator_calibrated_oof_mae": 2.3236096204002568
    },
    {
      "domain": "musr",
      "sample_count": 588,
      "target_mean": 0.7827689384396163,
      "target_std": 2.0160832453064494,
      "calibrator": true,
      "calibrator_raw_oof_mae": 1.4693990743551935,
      "calibrator_calibrated_oof_mae": 1.4432910925569034
    },
    {
      "domain": "ifeval",
      "sample_count": 421,
      "target_mean": 0.8371491188891321,
      "target_std": 1.7630146343882467,
      "calibrator": true,
      "calibrator_raw_oof_mae": 1.2687605780702622,
      "calibrator_calibrated_oof_mae": 1.2297903219690158
    },
    {
      "domain": "gpqa_extended",
      "sample_count": 415,
      "target_mean": 0.9965151899600828,
      "target_std": 0.8660630213207915,
      "calibrator": true,
      "calibrator_raw_oof_mae": 0.6750128542456812,
      "calibrator_calibrated_oof_mae": 0.6562421876511965
    }
  ],
  "model_leaderboard": [
    {
      "name": "hybrid_tfidf_hgb",
      "feature_mode": "hybrid",
      "embedding_backend": "tfidf",
      "embedding_dim": 384,
      "regressor": "hgb",
      "n_iter": 26,
      "cv_mae": 1.2885873953214655,
      "cv_mse": 2.7200406208349674,
      "cv_r2": 0.3210824951033554,
      "test_mse": 2.6011619403487822,
      "test_mae": 1.2504352910522751,
      "test_r2": 0.3300112760149192,
      "domain_aware_test_mse": 2.44472834943065,
      "domain_aware_test_mae": 1.1963857225475216,
      "domain_aware_test_r2": 0.37030432364946586,
      "domain_aware_acc_within_2.5": 0.8947253705318221
    },
    {
      "name": "linguistic_extra_trees",
      "feature_mode": "linguistic",
      "embedding_backend": "tfidf",
      "embedding_dim": 256,
      "regressor": "extra_trees",
      "n_iter": 24,
      "cv_mae": 1.2965608887397464,
      "cv_mse": 2.8080416093571445,
      "cv_r2": 0.2991497709109174,
      "test_mse": 2.6551125926806134,
      "test_mae": 1.2470794736728548,
      "test_r2": 0.31611505211848645,
      "domain_aware_test_mse": 2.527930103786821,
      "domain_aware_test_mae": 1.2103119760509353,
      "domain_aware_test_r2": 0.34887380970501836,
      "domain_aware_acc_within_2.5": 0.8862249346120313
    },
    {
      "name": "hybrid_transformer_hgb",
      "feature_mode": "hybrid",
      "embedding_backend": "transformer",
      "embedding_dim": 768,
      "regressor": "hgb",
      "n_iter": 24,
      "cv_mae": 1.3017672512653866,
      "cv_mse": 2.749892082669605,
      "cv_r2": 0.3137204920000964,
      "test_mse": 2.6195206349325697,
      "test_mae": 1.2630989357934312,
      "test_r2": 0.32528257451908915,
      "domain_aware_test_mse": 2.487281730872454,
      "domain_aware_test_mae": 1.2003286250406373,
      "domain_aware_test_r2": 0.35934372742852416,
      "domain_aware_acc_within_2.5": 0.8910200523103748
    },
    {
      "name": "embedding_tfidf_mlp",
      "feature_mode": "embedding",
      "embedding_backend": "tfidf",
      "embedding_dim": 384,
      "regressor": "mlp",
      "n_iter": 24,
      "cv_mae": 1.3115848192012562,
      "cv_mse": 2.8425797264804453,
      "cv_r2": 0.2905705733709197,
      "test_mse": 2.6947581006340173,
      "test_mae": 1.2774931537162835,
      "test_r2": 0.30590344519259094,
      "domain_aware_test_mse": 2.702530060330299,
      "domain_aware_test_mae": 1.2689042957355399,
      "domain_aware_test_r2": 0.30390159929480076,